<?xml version="1.0" encoding="UTF-8"?>
<metadata>
  <identifier>pinball_202005</identifier>
  <mediatype>software</mediatype>
  <collection>open_source_software</collection>
  <creator>Cinematronics</creator>
  <date>1995-10-31</date>
  <description>3D Pinball for Windows – Space Cadet was a digital table released in 
1995 as part of the Microsoft Plus! upgrade package for Windows 95. It 
was later bundled with Windows NT, Windows 98, Windows ME, Windows 2000,
 and Windows XP 32-bit, after which it disappeared forever.</description>
  <language>eng</language>
  <scanner>Internet Archive HTML5 Uploader 1.6.4</scanner>
  <subject>windows xp</subject>
  <title>3D Pinball Space Cadet</title>
  <uploader>adwaith2248@outlook.com</uploader>
  <publicdate>2020-05-02 15:17:58</publicdate>
  <addeddate>2020-05-02 15:17:58</addeddate>
  <curation>[curator]validator@archive.org[/curator][date]20200502153338[/date][comment]checked for malware[/comment]</curation>
  <collection>community</collection>
</metadata>
